{
  "tables": [], 
  "makefilepath": "Makefile", 
  "grids": [
    {
      "is_horizontal": true, 
      "id": 0, 
      "value": 29, 
      "page": 0
    }, 
    {
      "is_horizontal": true, 
      "id": 1, 
      "value": 60, 
      "page": 0
    }, 
    {
      "is_horizontal": true, 
      "id": 2, 
      "value": 101, 
      "page": 0
    }, 
    {
      "is_horizontal": true, 
      "id": 3, 
      "value": 116, 
      "page": 0
    }, 
    {
      "is_horizontal": true, 
      "id": 4, 
      "value": 132, 
      "page": 0
    }, 
    {
      "is_horizontal": true, 
      "id": 5, 
      "value": 181, 
      "page": 0
    }, 
    {
      "is_horizontal": true, 
      "id": 6, 
      "value": 280, 
      "page": 0
    }, 
    {
      "is_horizontal": true, 
      "id": 7, 
      "value": 621, 
      "page": 0
    }, 
    {
      "is_horizontal": false, 
      "id": 8, 
      "value": 426, 
      "page": 0
    }, 
    {
      "is_horizontal": false, 
      "id": 9, 
      "value": 539, 
      "page": 0
    }, 
    {
      "is_horizontal": false, 
      "id": 10, 
      "value": 201, 
      "page": 0
    }, 
    {
      "is_horizontal": false, 
      "id": 11, 
      "value": 457, 
      "page": 0
    }, 
    {
      "is_horizontal": false, 
      "id": 12, 
      "value": 121, 
      "page": 0
    }, 
    {
      "is_horizontal": false, 
      "id": 13, 
      "value": 448, 
      "page": 1
    }, 
    {
      "is_horizontal": false, 
      "id": 14, 
      "value": 536, 
      "page": 1
    }, 
    {
      "is_horizontal": false, 
      "id": 15, 
      "value": 114, 
      "page": 1
    }, 
    {
      "is_horizontal": false, 
      "id": 16, 
      "value": 482, 
      "page": 1
    }, 
    {
      "is_horizontal": true, 
      "id": 17, 
      "value": 26, 
      "page": 1
    }, 
    {
      "is_horizontal": true, 
      "id": 18, 
      "value": 60, 
      "page": 1
    }, 
    {
      "is_horizontal": true, 
      "id": 19, 
      "value": 152, 
      "page": 1
    }, 
    {
      "is_horizontal": true, 
      "id": 20, 
      "value": 638, 
      "page": 1
    }
  ], 
  "boxes": [
    {
      "name": "boxIDa", 
      "halign": 3, 
      "valign": 3, 
      "y_2": 1, 
      "y_1": 0, 
      "id_as_int": 0, 
      "x_2": 9, 
      "x_1": 8, 
      "sampletext": "Example of boxIDa", 
      "type": 1, 
      "page": 0
    }, 
    {
      "name": "boxIDb", 
      "halign": 1, 
      "valign": 3, 
      "y_2": 3, 
      "y_1": 2, 
      "id_as_int": 1, 
      "x_2": 11, 
      "x_1": 10, 
      "sampletext": "Example of boxIDb", 
      "type": 1, 
      "page": 0
    }, 
    {
      "name": "boxIDc", 
      "halign": 1, 
      "valign": 3, 
      "y_2": 5, 
      "y_1": 4, 
      "id_as_int": 2, 
      "x_2": 11, 
      "x_1": 10, 
      "sampletext": "Example of boxIDc", 
      "type": 1, 
      "page": 0
    }, 
    {
      "name": "boxIDd", 
      "halign": 1, 
      "valign": 1, 
      "y_2": 7, 
      "y_1": 6, 
      "id_as_int": 3, 
      "x_2": 11, 
      "x_1": 12, 
      "sampletext": "Example of boxIDd", 
      "type": 0, 
      "page": 0
    }, 
    {
      "name": "boxIDe", 
      "halign": 3, 
      "valign": 3, 
      "y_2": 18, 
      "y_1": 17, 
      "id_as_int": 4, 
      "x_2": 14, 
      "x_1": 13, 
      "sampletext": "Example of boxIDe", 
      "type": 1, 
      "page": 1
    }, 
    {
      "name": "boxIDf", 
      "halign": 1, 
      "valign": 1, 
      "y_2": 20, 
      "y_1": 19, 
      "id_as_int": 5, 
      "x_2": 16, 
      "x_1": 15, 
      "sampletext": "Example of boxIDf", 
      "type": 0, 
      "page": 1
    }
  ], 
  "jsonpath": "projectdata.json", 
  "stylename": "sample-form", 
  "bgimagepath": "sample-form.pdf", 
  "samplebase": "sample"
}